{
    "ops": [
        [
            4,
            5,
            10,
            11
        ],
        [
            2,
            3,
            12,
            13
        ],
        [
            2,
            3,
            14,
            15
        ],
        [
            0,
            5,
            8,
            11
        ],
        [
            2,
            3,
            12,
            15
        ],
        [
            1,
            4,
            9,
            10
        ],
        [
            2,
            3,
            13,
            14
        ],
        [
            0,
            1,
            8,
            9
        ],
        [
            1,
            2,
            9,
            12
        ],
        [
            0,
            3,
            8,
            13
        ],
        [
            3,
            4,
            10,
            13
        ],
        [
            2,
            5,
            11,
            12
        ],
        [
            4,
            5,
            14,
            15
        ],
        [
            0,
            1,
            14,
            15
        ],
        [
            2,
            4,
            10,
            12
        ],
        [
            3,
            5,
            11,
            13
        ],
        [
            1,
            5,
            9,
            11
        ],
        [
            0,
            4,
            8,
            10
        ],
        [
            4,
            5,
            8,
            9
        ],
        [
            1,
            3,
            9,
            13
        ],
        [
            0,
            1,
            10,
            11
        ],
        [
            0,
            2,
            8,
            12
        ],
        [
            0,
            1,
            12,
            13
        ],
        [
            2,
            3,
            8,
            9
        ]
    ],
    "params": [
        0.0685515946970552,
        0.07063213161983957,
        0.05137668410865322,
        0.04151011382122877,
        0.0322073229155043,
        0.04169490086094312,
        -0.03246699873902041,
        0.029851069045056133,
        -0.03065366319294062,
        -0.04359834811022511,
        0.05103717147718836,
        0.04033928447791229,
        0.026619909496615968,
        0.016688285903961198,
        -0.030338671100109852,
        -0.030687221545960302,
        -0.025559817737313865,
        -0.013269992125821847,
        0.028950306533652617,
        0.012921363105760614,
        0.005002979402787932,
        0.015102100988709014,
        0.007544967846857547,
        0.02615250156066863
    ],
    "energy": -76.28293074745847
}